<?xml version="1.0" encoding="UTF-8"?>
<templates>
    <t t-name="hr_reminder.reminder_menu">

        <li class="o_mail_navbar_item">

            <a class="dropdown-toggle" data-toggle="dropdown" aria-expanded="false" href="#" title="Reminders">
                <i class="fa fa-bell"/> <span class="o_notification_counter"/></a>
            <ul class="o_mail_navbar_dropdown dropdown-menu" role="menu">
                <li class="o_mail_navbar_dropdown_top">
                    <t t-if="values">
                    <div>
                       <span class='label'>Reminders</span>
                        <select id="reminder_select" name="Reminder" class='detail-client-address-country'>

                                <t t-if="values">
                            <t t-foreach='values' t-as='val'>
                                <option class="dropdown-options" t-att-value='val' >
                                    <t t-esc='val'/>
                                </option>
                            </t></t>
                        </select></div></t>
                </li>

            </ul>
        </li>
    </t>
    </templates>